Category,Question Text,Rationale,Priority,Impact,Related Requirements
technical,"What specific programming languages and frameworks are required for development?","Understanding the technical stack is crucial for accurate project estimation and resource planning","high","Without clear technical requirements, the project may face compatibility issues and increased development time","tech_001;tech_002"
technical,"What are the performance requirements for the application (response time, concurrent users)?","Performance requirements help determine infrastructure needs and architecture decisions","high","Poor performance can lead to user dissatisfaction and business impact","tech_003"
business,"What are the key performance indicators (KPIs) for project success?","Defining success metrics helps align project outcomes with business objectives","medium","Unclear success criteria may lead to project scope creep and misaligned expectations","bus_001"
business,"Who are the primary stakeholders and decision makers for this project?","Understanding stakeholder structure helps with communication and approval processes","medium","Unclear stakeholder structure can lead to delays in decision making","bus_002"
timeline,"Are there any dependencies on external systems or third-party integrations?","External dependencies can significantly impact project timeline and risk","high","Unidentified dependencies may cause unexpected project delays","time_001"
timeline,"What is the preferred project delivery methodology (Agile, Waterfall, etc.)?","Delivery methodology affects project planning and client interaction","medium","Methodology mismatch can lead to communication issues and delivery problems","time_002"
budget,"What is the expected budget range for this project?","Budget constraints help determine project scope and resource allocation","high","Budget misalignment may result in project cancellation or scope reduction","budget_001"
budget,"Are there any cost optimization requirements or constraints?","Understanding cost constraints helps in proposing efficient solutions","medium","Ignoring cost constraints may lead to proposal rejection","budget_002"
compliance,"What regulatory or compliance requirements must be met (GDPR, HIPAA, SOX)?","Compliance requirements are mandatory and cannot be overlooked","high","Non-compliance may result in legal issues and project failure","comp_001"
compliance,"What security standards and certifications are required?","Security standards define the minimum security requirements for the application","high","Inadequate security may lead to data breaches and legal liability","comp_002"